{
  "pocs": [
    {
      "proof_url": "http://testphp.vulnweb.com/search.php?test=query",
      "finding_type": "xss-reflected",
      "target": "http://testphp.vulnweb.com/search.php?test=query",
      "used_url": null,
      "status": 200,
      "content_type": "text/html; charset=UTF-8",
      "snippet_path": "runs/testphp.vulnweb.com/sanity1/pocs/snippets/http_testphp.vulnweb.com_search.php_test_query_fc4c1079cd.html",
      "http_status": 200
    },
    {
      "proof_url": "http://testphp.vulnweb.com/secured/newuser.php",
      "finding_type": "xss-reflected",
      "target": "http://testphp.vulnweb.com/secured/newuser.php",
      "used_url": null,
      "status": 200,
      "content_type": "text/html; charset=UTF-8",
      "snippet_path": "runs/testphp.vulnweb.com/sanity1/pocs/snippets/http_testphp.vulnweb.com_secured_newuser.php_2e10db35d2.html",
      "http_status": 200
    }
  ]
}