{
  "matches": [
    {
      "poc": {
        "proof_url": "http://testphp.vulnweb.com/search.php?test=query",
        "finding_type": "xss-reflected",
        "status": 200
      },
      "finding_target": "http://testphp.vulnweb.com/search.php?test=query",
      "score": 1.0,
      "attached_to": "best"
    },
    {
      "poc": {
        "proof_url": "http://testphp.vulnweb.com/secured/newuser.php",
        "finding_type": "xss-reflected",
        "status": 200
      },
      "finding_target": "http://testphp.vulnweb.com/secured/newuser.php",
      "score": 0.75,
      "attached_to": "best"
    }
  ],
  "unmapped": []
}