{
  "https://testphp.vulnweb.com": {
    "status": 200,
    "headers": {
      "server": "nginx/1.19.0",
      "date": "Wed, 24 Sep 2025 16:00:55 GMT",
      "content-type": "text/html; charset=UTF-8",
      "connection": "keep-alive",
      "x-powered-by": "PHP/5.6.40-38+ubuntu20.04.1+deb.sury.org+1",
      "content-encoding": "gzip"
    },
    "used_url": "http://testphp.vulnweb.com/"
  },
  "ports": {
    "testphp.vulnweb.com": {
      "80": false,
      "443": false,
      "8080": false,
      "8000": false,
      "22": false,
      "21": false
    }
  }
}